{
  "n_samples": 200,
  "human_ratios": [
    1.6666666666666667,
    1.7133333333333334,
    0.13043478260869565,
    1.7346625766871167,
    0.13043478260869565,
    1.5761904761904761,
    1.696969696969697,
    1.7272727272727273,
    0.13043478260869565,
    1.4955752212389382,
    1.8751753155680224,
    0.13043478260869565,
    1.2629107981220657,
    1.6378947368421053,
    0.13043478260869565,
    1.5188284518828452,
    0.047619047619047616,
    1.7880434782608696,
    0.13043478260869565,
    1.606280193236715,
    0.7560975609756098,
    0.7631578947368421,
    0.6551724137931034,
    0.5918367346938775,
    0.7435897435897436,
    0.7058823529411765,
    0.696969696969697,
    0.7619047619047619,
    0.7727272727272727,
    0.696969696969697,
    0.6825396825396826,
    0.7164179104477612,
    0.7692307692307693,
    0.13043478260869565,
    2.0936995153473346,
    0.13043478260869565,
    1.6379585326953747,
    0.13043478260869565,
    1.7532228360957642,
    0.13043478260869565,
    1.7844827586206897,
    0.13043478260869565,
    1.78515625,
    0.13043478260869565,
    1.5271317829457365,
    1.7029972752043596,
    0.13043478260869565,
    1.751793400286944,
    0.13043478260869565,
    1.1968503937007875,
    2.136812411847673,
    0.13043478260869565,
    1.9108391608391608,
    0.13043478260869565,
    1.3935185185185186,
    0.9896907216494846,
    1.011111111111111,
    1.05,
    0.9325842696629213,
    0.7837837837837838,
    0.9583333333333334,
    1.2923076923076924,
    1.0176991150442478,
    1.5482758620689656,
    0.13043478260869565,
    1.1690140845070423,
    1.852892561983471,
    0.09090909090909091,
    1.2,
    0.13043478260869565,
    1.439153439153439,
    1.5263157894736843,
    1.6535433070866141,
    0.13043478260869565,
    1.4261168384879725,
    1.2743055555555556,
    0.6825396825396826,
    0.6428571428571429,
    0.3939393939393939,
    0.7101449275362319,
    0.7763157894736842,
    0.7333333333333333,
    0.5918367346938775,
    0.6153846153846154,
    0.6363636363636364,
    0.47368421052631576,
    0.13043478260869565,
    1.9247176913425346,
    0.13043478260869565,
    1.6030368763557483,
    1.4474576271186441,
    0.13043478260869565,
    1.7839771101573676,
    0.13043478260869565,
    1.7083333333333333,
    0.13043478260869565,
    1.2097560975609756,
    2.185430463576159,
    0.13043478260869565,
    1.6362126245847175,
    1.612781954887218,
    0.13043478260869565,
    1.9405815423514539,
    0.13043478260869565,
    1.3775933609958506,
    1.7713248638838475,
    0.13043478260869565,
    1.5664160401002507,
    1.5037037037037038,
    0.13043478260869565,
    1.4390243902439024,
    1.2901554404145077,
    1.0592592592592593,
    1.2846715328467153,
    1.710758377425044,
    0.13043478260869565,
    1.803191489361702,
    0.13043478260869565,
    1.8131416837782341,
    0.13043478260869565,
    1.8573573573573574,
    1.6846846846846846,
    0.13043478260869565,
    0.889763779527559,
    1.655831739961759,
    0.13043478260869565,
    1.5957446808510638,
    1.653731343283582,
    0.13043478260869565,
    1.0603448275862069,
    1.8487712665406428,
    0.13043478260869565,
    1.7474302496328928,
    0.13043478260869565,
    1.8166479190101237,
    0.13043478260869565,
    1.4223602484472049,
    1.581151832460733,
    0.047619047619047616,
    1.774928774928775,
    0.13043478260869565,
    1.5608552631578947,
    0.13043478260869565,
    1.3858267716535433,
    1.5169082125603865,
    0.13043478260869565,
    1.8941176470588235,
    1.6245353159851301,
    0.13043478260869565,
    1.4734982332155477,
    1.8059701492537314,
    0.13043478260869565,
    0.9125,
    1.6666666666666667,
    1.158974358974359,
    1.2678571428571428,
    0.13043478260869565,
    1.7359550561797752,
    0.13043478260869565,
    1.6523297491039426,
    1.7973231357552581,
    0.13043478260869565,
    1.4464831804281346,
    1.5245398773006136,
    0.13043478260869565,
    1.840255591054313,
    0.13043478260869565,
    1.208888888888889,
    1.6023856858846919,
    0.13043478260869565,
    1.8129139072847682,
    0.13043478260869565,
    1.7679389312977098,
    0.13043478260869565,
    1.7410881801125704,
    0.13043478260869565,
    1.5352112676056338,
    2.0790273556231003,
    0.13043478260869565,
    1.7148217636022514,
    0.13043478260869565,
    0.9586776859504132,
    0.8888888888888888,
    0.7831325301204819,
    0.7297297297297297,
    0.7402597402597403,
    0.7368421052631579,
    0.7297297297297297,
    0.7402597402597403,
    0.7402597402597403,
    0.7435897435897436,
    0.7662337662337663,
    0.75,
    0.7435897435897436,
    0.7333333333333333,
    0.7402597402597403,
    0.7647058823529411,
    0.7701149425287356,
    0.7402597402597403,
    0.75
  ],